feature,importance
Age,0.27053708763585504
NumOfProducts,0.14650026359735008
Balance,0.13648980527445642
EstimatedSalary,0.12150656445322366
CreditScore,0.11809776935637394
Tenure,0.07339083062519053
IsActiveMember,0.04152386996779497
Geography_Germany,0.031011995403220326
HasCrCard,0.015989496404363406
Geography_France,0.012933172624986247
Gender_Male,0.011435468068325644
Gender_Female,0.010931357875913797
Geography_Spain,0.009652318712946072
