model,accuracy,precision,recall,f1_score,roc_auc
Random Forest,0.837,0.5914221218961625,0.6437346437346437,0.6164705882352941,0.8546512614309225
Gradient Boosting,0.869,0.7821011673151751,0.49385749385749383,0.6054216867469879,0.8702176753024209
Decision Tree,0.76,0.4452773613193403,0.7297297297297297,0.553072625698324,0.8010938519413097
Logistic Regression,0.7135,0.38722826086956524,0.7002457002457002,0.49868766404199477,0.7771654551315569
KNN,0.8375,0.711340206185567,0.33906633906633904,0.45923460898502494,0.8068623322860611
